Chr	Start	End	Tags	length-ATAC-union	CoefOfVar_(SD/Mean)_ATAC_union	CoefOfVar_K27_500-600bp_union	Drop_(Max-Min/Max)_K27_500-600bp_union	CoefOfVar_Q1Q3_(SD/Mean)_ATAC_union	Mean_K27_500-600bp_union	Mean_ATAC_union	CoefOfVar_Q1Q3_K27_500-600_union	Min_ATAC_union	Max_ATAC_union	TotalN_ATAC_peaks_called	CoefOfVar_K27_500bp_union	CoefOfVar_K27_500-300bp_union	CoefOfVar_Q1Q3_K27_500_union	CoefOfVar_Q1Q3_K27_500-300_union	Drop_(Max-Min/Max)_K27_500bp_union	Drop_(Max-Min/Max)_K27_500-300bp_union	Max_K27_500-300bp_union	Max_K27_500bp_union	Mean_K27_500bp_union	Max_K27_500-600bp_union	Mean_K27_500-300bp_union	Min_K27_500-300bp_union	Min_K27_500-600bp_union	Min_K27_500bp_union	SD_K27_500-300bp_union	SD_K27_500-600bp_union	SD_K27_500bp_union	Max-Mean_ATAC_union	SD_ATAC_union	start-500	end-500	start-500-300	end-500-300	start-500-600	end-500-600	Mean/SD_K27_500-600bp
chr9	6703733	6704634		901	0.4330676422	0.4737577256	1	0.5216478277	1781.088407896	3.7474306	0.5539191785	0	7.60668	48	0.4662242859	0.4716790356	0.5476908049	0.551906158	1	1	3794.432924	3634.6637	1643.508387844	3867.455569	1748.82697775	0	0	0	824.885022333	843.8043931883	766.2435245373	3.8592494	1.6228909342	6703684	6704684	6703384	6704984	6703084	6705284	2.1107835208
chr10	24568949	24569875		926	0.644525487	0.7674457696	0.9999437426	0.7450125072	6519.07049608	4.508651336	0.8532551579	0	12.7266	43	0.7773447358	0.7564256626	0.8659183897	0.8453820554	0.9999669605	0.999946202	15094.88038	9831.57072	3052.147592172	20053.38461	4995.969423876	0.8120751	1.1281514	0.32483	3779.0794816393	5003.0330742141	2372.5708635933	8.217948664	2.9059406981	24568912	24569912	24568612	24570212	24568312	24570512	1.3030236657
chr7	157418499	157419368		869	1.0743578305	1.1804313538	0.9999004203	1.0230371638	2926.36936836	3.37956749	1.1059049989	0.0510646	11.1743	26	1.1710075373	1.1733361742	1.0952828809	1.1000572008	0.9999607812	0.9999347138	10907.49906	7637.86651	1888.165473716	12216.54456	2649.986044822	0.7121088	1.2165194	0.299548	3109.3244873917	3454.3781551504	2211.0560013108	7.79473251	3.6308647968	157418434	157419434	157418134	157419734	157417834	157420034	0.8471479488
chrX	73850859	73851950		1091	0.6523994992	0.7034696495	0.9997558662	0.8318972487	278.04269095	2.831862578	0.865299597	0.031862	6.53395	57	0.7271704091	0.7120969989	0.885738312	0.874365344	0.9999478887	0.9998635125	661.7880292	573.177185	198.370746338	739.9701628	240.274341716	0.0903258	0.1806517	0.029869	171.0986376604	195.5945943554	144.2493367613	3.702087422	1.8475057276	73850904	73851904	73850604	73852204	73850304	73852504	1.4215254356
chrX	2751414	2752326		912	0.5660592452	1.1102183052	0.9997295494	0.6465321491	320.798966186	2.236931534	1.0966505282	0.0420941	5.18883	44	1.0872279936	1.1148768349	1.0814964201	1.1012687761	0.9996805316	0.9997213834	1578.023857	1231.20247	255.94466421	1625.67075	309.831615376	0.4396636	0.4396636	0.3933303	345.4240907068	356.1568845398	278.2702037544	2.951898466	1.2662357758	2751370	2752370	2751070	2752670	2750770	2752970	0.9007237544
chr6	29926635	29927586		951	0.4206208121	0.858508659	0.9996870319	0.482280128	1659.69176704	2.58402492	0.945165891	0.537089	5.15045	48	0.7676230822	0.8233394419	0.8785954023	0.9219764777	0.9996302765	0.9996971442	5368.805426	3698.159495	1111.893868474	6258.015965	1504.72820075	1.6259739	1.9585593	1.3672963	1238.9020769651	1424.8597532546	853.5153983636	2.56642508	1.0868946604	29926610	29927610	29926310	29927910	29926010	29928210	1.1648106161
chr1	186982989	186983921		932	0.4897377382	0.6952063465	0.9996497182	0.5704631136	1107.798500124	5.2700569	0.7818217435	0.204258	11.9038	50	0.6959134532	0.6910774592	0.7784061957	0.7764920773	0.9996356606	0.9996322959	3668.79769	2777.00993	769.7120888	3988.822482	1026.306520896	1.3490321	1.3972118	1.011774	709.2573028052	770.1485478976	535.6529976846	6.6337431	2.5809457463	186982955	186983955	186982655	186984255	186982355	186984555	1.4384218514
chr2	5074435	5075358		923	0.5199470773	0.7698417534	0.9996318276	0.5810011498	509.390214424	2.8662801	0.8277779831	0.136361	6.46186	49	0.7578134369	0.7639743984	0.8207070633	0.8220890349	0.9997133308	0.9995738235	1231.714257	646.280117	221.516970698	1509.634743	412.436938382	0.5249277	0.5558058	0.1852686	315.0912618682	392.1498558122	167.8685369058	3.5955799	1.4903139607	5074396	5075396	5074096	5075696	5073796	5075996	1.2989682563
chr3	131355978	131356889		911	0.407991838	0.713761232	0.9994103716	0.4766018021	910.530865404	3.34041082	0.747064772	0.136118	6.48518	48	0.7088504892	0.7143590082	0.7451720957	0.7482941713	0.9993891733	0.9995239368	3011.701773	2160.95646	639.427456016	3164.983609	866.62475109	1.4337603	1.8661642	1.3199698	619.0811976738	649.9016323028	453.2584649743	3.14476918	1.36286035	131355934	131356934	131355634	131357234	131355334	131357534	1.4010287406
chr8	108468307	108469179		872	0.449201787	0.6530961912	0.9994090176	0.5252150635	311.9290579	2.07540692	0.7377346137	0.102129	4.81439	46	0.6620665201	0.6579665461	0.7454101612	0.7428540677	0.9996699095	0.999661716	1281.815031	1167.673158	272.956017152	1304.396505	303.679030872	0.4336175	0.7708754	0.3854378	199.8106430696	203.7196796451	180.7150404074	2.73898308	0.9322764971	108468243	108469243	108467943	108469543	108467643	108469843	1.531168017
chr5	159100039	159100901		862	0.3819848733	1.0089822813	0.9993431639	0.4490283835	126.05744468	7.2935934	1.0152873318	2.31744	14.147	50	0.9776425431	1.0118182235	0.9988251637	1.0217890454	0.9996065933	0.9995585589	473.45839	318.760205	74.662614922	572.7567148	103.304863258	0.209004	0.3762073	0.1254024	104.5257432202	127.1897281139	72.9933487235	6.8534066	2.7860423507	159099970	159100970	159099670	159101270	159099370	159101570	0.9910976818
chr5	29976578	29977472		894	0.4922440778	0.9693428103	0.9993142886	0.575957478	168.166889954	3.190328892	1.0053572783	0.0367551	8.28933	47	0.9803690928	0.9764374601	1.0136387217	1.012100537	0.9994116153	0.9993961901	609.610413	469.194063	123.38912823	670.99803	152.204503416	0.3680888	0.460111	0.2760666	148.6181787241	163.0113657155	120.9668877078	5.099001108	1.5704205034	29976525	29977525	29976225	29977825	29975925	29978125	1.0316267778
chr10	45352709	45353784		1075	0.4969987034	1.0904989978	0.9991956394	0.5881371486	1061.735417246	2.054503888	1.0891944202	0.0861464	4.60631	44	1.0541247109	1.0879162265	1.0643573766	1.0864938872	0.9992998229	0.9992641173	5164.92539	3664.9742	705.339290582	5628.126347	972.65643989	3.8007792	4.527043	2.5661311	1058.1687237378	1157.8214084763	743.5155757485	2.551806112	1.0210857685	45352746	45353746	45352446	45354046	45352146	45354346	0.9170113883
chr2	218422206	218423173		967	0.5967846445	0.9233696017	0.9991622956	0.6705914864	1076.650606186	3.25952002	0.9610230665	0.159313	7.71451	45	0.8784077464	0.9098251957	0.9230963599	0.9499754127	0.9991944399	0.9991960649	3703.17689	2492.45336	680.925953438	4297.73392	948.01950565	2.9771138	3.6002304	2.007821	862.5320323002	994.1464414278	598.1306322559	4.45498998	1.9452314964	218422190	218423190	218421890	218423490	218421590	218423790	1.0829899513
chr2	227865053	227866041		988	0.6191290983	1.1001719941	0.9990688062	0.7326994479	380.6671337	2.15416174	1.1474950275	0.208967	5.2666	36	1.0692831615	1.1002983432	1.1274055686	1.1492215705	0.9991090098	0.9991713569	1786.80396	1125.7167	240.524096744	1938.204605	348.530084958	1.4806228	1.8048442	1.0030025	383.4870750199	418.7993195762	257.1883665747	3.11243826	1.3337042156	227865047	227866047	227864747	227866347	227864447	227866647	0.9089487874
chr8	143928113	143929021		908	0.8202784743	1.1862663387	0.9989389381	0.9346022279	582.750327952	4.20581808	1.2050948216	0.22759	11.7167	34	1.1649543505	1.1868073778	1.1827154253	1.205431786	0.9989008564	0.9989674356	2810.269528	2426.70503	518.081693762	2845.289226	577.303510066	2.9017844	3.019028	2.6672972	685.1480649786	691.2970979346	603.5415230752	7.51088192	3.4499420378	143928067	143929067	143927767	143929367	143927467	143929667	0.8429810131
chr21	28392228	28393148		920	0.4800785995	0.606267885	0.9987680116	0.5623523577	537.192462696	3.179344518	0.7133178396	0.0668889	7.55792	47	0.6057118802	0.6056333483	0.7159517355	0.7130753137	0.999152178	0.9991647836	1328.654446	994.764078	365.694600768	1477.230978	488.25443992	1.109714	1.8199314	0.8433829	295.7031712636	325.6825381777	221.5055642	4.378575482	1.5263352634	28392188	28393188	28391888	28393488	28391588	28393788	1.6494358761
chr7	103843377	103844348		971	0.5996405256	1.0127413701	0.9986862711	0.6788341892	562.888425556	3.58206704	1.0159321753	0.127481	7.55755	47	0.9977423168	1.0082164271	1.0185211942	1.0150570878	0.9988567013	0.9988018947	1958.561482	1408.543832	369.78636756	2171.440671	512.816765984	2.3465629	2.8526843	1.6103863	517.0302875545	570.0603953243	368.9515070785	3.97548296	2.1479525626	103843362	103844362	103843062	103844662	103842762	103844962	0.9874189299
chr8	9164110	9165138		1028	0.5695383939	0.8912838856	0.9986679016	0.6527610056	563.383115676	3.17104192	0.9227205998	0.2077	9.20763	47	0.843706882	0.8663958883	0.8880236946	0.9047919914	0.99851788	0.9985737416	1766.188072	1140.840421	339.702583184	2020.554514	504.084391898	2.5190406	2.6915774	1.6908624	436.7366445167	502.1342924353	286.6094072643	6.03658808	1.8060301222	9164124	9165124	9163824	9165424	9163524	9165724	1.1219769774
chr7	16659850	16660768		918	0.6409833101	0.9050601715	0.9984706239	0.7706310584	614.122575796	2.676170352	1.0037704781	0.0340294	6.38307	39	0.9033201123	0.9024789997	0.9878763707	0.9989313573	0.9993580808	0.9992176736	2472.672533	1737.20607	391.679128174	2886.844376	538.671348742	1.934437	4.4150707	1.1151459	486.1395799964	555.8178837723	353.8116340548	3.706899648	1.7153805307	16659809	16660809	16659509	16661109	16659209	16661409	1.1048989133
chr10	42644803	42645787		984	0.6219901738	0.9622330319	0.9980956094	0.7075917352	987.789091004	2.69510184	0.99501916	0.122302	9.02075	45	0.9757644755	0.9680518754	1.0076918693	1.000415827	0.9973187905	0.9978925623	4294.45995	2707.04955	535.968268528	4987.601882	851.399976874	9.050307	9.498342	7.258167	824.199344287	950.4832918662	522.9787964332	6.32564816	1.6763268618	42644795	42645795	42644495	42646095	42644195	42646395	1.039249295
chr1	192259819	192260702		883	0.8390121676	1.071937402	0.998078971	0.9528469529	346.80030658	3.93459448	1.0835800401	0.221982	15.8473	38	1.0423297503	1.0655800599	1.068632593	1.0823685243	0.9984253686	0.9980029062	1255.1663	909.667604	244.418179262	1405.239897	319.136755774	2.5066848	2.6995066	1.4323912	340.0657633423	371.7482196342	254.7643397661	11.91270552	3.3011726431	192259760	192260760	192259460	192261060	192259160	192261360	0.9328902958
chr19	21626996	21628046		1050	0.3953309477	0.9397898552	0.9978557623	0.4594761282	2470.144429502	3.16642788	0.9359189814	0.813934	6.22089	49	0.9036583084	0.9131916834	0.9095256393	0.9138631749	0.997299136	0.9976035757	8139.53386	5337.27123	1417.951839472	9817.92554	2116.450735276	19.5057771	21.0519664	14.4152439	1932.7252096921	2321.416675672	1281.343960601	3.05446212	1.2517869345	21627021	21628021	21626721	21628321	21626421	21628621	1.0640676684
chr2	131193172	131194100		928	0.4267040487	0.8879653952	0.9974979686	0.5005077797	340.337866898	5.37194488	0.91009456	0.324344	13.0768	49	0.8440064799	0.8716872441	0.8732772868	0.8991496939	0.9989051928	0.9982507059	1108.586087	693.12111	209.938409596	1280.546295	309.800587914	1.9392431	3.2039671	0.758834	270.0492206879	302.208248489	177.1893780767	7.70485512	2.2922306299	131193136	131194136	131192836	131194436	131192536	131194736	1.1261700122
chr3	108598122	108599032		910	0.5663437921	0.8595392904	0.9974681861	0.6577541854	723.274282658	2.64407654	0.920435032	0.288571	6.25712	39	0.8768496408	0.8593627471	0.9290605356	0.9186415813	0.9980313847	0.9978057603	1861.12239	1420.53171	457.30741015	2279.201653	606.486285072	4.0837487	5.7705145	2.7964805	521.1917200195	621.6826636604	400.9898383431	3.61304346	1.4974563343	108598077	108599077	108597777	108599377	108597477	108599677	1.1634139488
chr7	76372933	76373849		916	0.4230460521	0.7475843293	0.9973911483	0.4879374855	479.280701358	2.67817278	0.8109557832	0.581564	5.59023	48	0.7542293667	0.7514991834	0.8175413003	0.8142732903	0.9982068283	0.9981239117	1443.195081	1384.101064	450.018039466	1455.853916	473.912904218	2.7075614	3.7981069	2.4819309	356.1451605396	358.3027416829	339.41682089	2.91205722	1.1329904215	76372891	76373891	76372591	76374191	76372291	76374491	1.3376417359
chr7	81812824	81813772		948	0.4873861585	1.088391333	0.9967488153	0.5697802506	302.453613418	3.60327166	1.1465116945	0.726454	7.26536	49	1.0980150078	1.0916001951	1.1534079537	1.1545437744	0.997135343	0.9970467541	1506.698648	965.560469	174.090841314	1642.349587	273.738073926	4.4496516	5.3395819	2.7659996	298.8125349172	329.1878914874	191.1543564874	3.66208834	1.7561847325	81812798	81813798	81812498	81814098	81812198	81814398	0.9187871767
chr4	48173096	48174054		958	0.5165289765	0.8882900161	0.9966924971	0.5997169786	362.511184222	2.257475462	0.9148378226	0.0910361	5.55873	44	0.9055909497	0.8940285506	0.9288148096	0.9200684517	0.998598939	0.9973312001	1442.903333	1307.214597	318.029685862	1469.533557	352.350004116	3.8508203	4.8604865	1.8314874	315.0109634787	322.015065666	288.0048052522	3.301254538	1.16605149	48173075	48174075	48172775	48174375	48172475	48174675	1.1257584594
chr6	3159897	3160801		904	0.4835353752	1.1369562945	0.9966492923	0.5568361452	990.97735553	2.54520408	1.2117541684	0.790123	6.30472	47	1.0924165628	1.1304893939	1.1496300631	1.1996702486	0.997029325	0.9971029725	4504.0176	2537.37846	483.592257456	5607.26817	807.511154604	13.0482627	18.7883168	7.5377268	912.8827957041	1126.6979420968	528.2841916672	3.75951592	1.2306962097	3159849	3160849	3159549	3161149	3159249	3161449	0.8795412848
chr3	108599335	108600258		923	0.5960757682	0.8667780445	0.9965533241	0.6922642317	686.15915986	2.3230828	0.9343913015	0.141385	6.35886	40	0.8817782372	0.8627711382	0.9640027314	0.9409120244	0.9974510096	0.9974267155	1550.161432	1121.68781	347.040230998	2160.830292	488.738311636	3.9890064	7.4476817	2.8591715	421.6693093933	594.7476948009	306.0125231331	4.0357772	1.3847333645	108599296	108600296	108598996	108600596	108598696	108600896	1.1536978888
chr10	4931258	4932210		952	0.4773852013	1.0385563985	0.9964763928	0.5725340929	470.895045168	2.99152794	1.068132679	0.497538	6.60074	46	1.1050441662	1.0654824068	1.1279502345	1.091103469	0.9969844108	0.9969388914	2281.66338	1763.56941	305.913102814	2493.918376	412.306301048	6.9844194	8.7875888	5.3182008	439.3051099936	489.0510621745	338.0474896253	3.60921206	1.428111168	4931234	4932234	4930934	4932534	4930634	4932834	0.9628750075
chr3	146154773	146155664		891	0.5360541454	1.099318765	0.9964366028	0.6005910766	169.016412302	4.4309284	1.1390792187	1.15429	9.18532	49	1.1487975156	1.122620366	1.1527622338	1.1367838403	0.9983202548	0.9970787046	653.984112	426.511352	79.551544432	884.631474	122.789070824	1.9104808	3.1522933	0.7164304	137.8455116326	185.8029136333	91.3886166039	4.7543916	2.3752175367	146154718	146155718	146154418	146156018	146154118	146156318	0.9096542621
chr4	10200596	10201480		884	0.4457546038	0.8575605951	0.9961167042	0.5344396337	226.87802661	3.3486719	0.9352448468	0.464778	7.42715	46	0.8628700872	0.8565723422	0.9420405667	0.9378805517	0.9979259998	0.9970068305	954.581676	746.912954	170.52127234	1003.776529	215.555880578	2.8572248	3.8979612	1.5490976	184.6392054993	194.561655521	147.1377051334	4.0784781	1.4926859161	10200538	10201538	10200238	10201838	10199938	10202138	1.1660983558
chr2	224009558	224010492		934	0.4564831987	0.9275060827	0.995850148	0.5162783206	1544.99172986	2.70073292	0.9963407048	0.754738	5.88034	49	0.845478457	0.8933063803	0.9229215296	0.9658510893	0.9946023634	0.9955963966	6483.20274	4411.36721	987.81664988	7521.9206	1388.070415276	28.5494538	31.2148576	23.810957	1239.9721582123	1432.989227195	835.1776969401	3.17960708	1.2328392021	224009525	224010525	224009225	224010825	224008925	224011125	1.0781600451
chr6	157461276	157462218		942	0.6235543929	1.0785669758	0.9957667329	0.7088216936	374.875772766	2.3470748	1.1144127677	0.255323	6.76582	42	1.0267502022	1.0693923495	1.0814891383	1.107019813	0.9973501212	0.9962968842	1561.270822	854.547118	177.252182368	1946.187792	307.851645368	5.7815667	8.2387328	2.2644463	329.2141943456	404.3286285305	181.993714084	4.4187452	1.4635288019	157461247	157462247	157460947	157462547	157460647	157462847	0.9271561456
chr13	95328071	95328993		922	0.3876530971	0.9068217623	0.9957590421	0.4664192136	406.960715118	2.33822208	0.9398879481	0.712316	4.52751	48	0.88227516	0.905082865	0.9225966988	0.9401106587	0.9953420479	0.9959619102	1709.74916	1161.741765	256.66989554	1886.45668	370.734513712	6.9041206	8.0003833	5.4113375	335.5454558329	369.0408328845	226.4534731475	2.18928792	0.906419031	95328032	95329032	95327732	95329332	95327432	95329632	1.1027525381
chr5	8012363	8013274		911	0.6409360175	1.0341628993	0.9957209726	0.755108053	371.250628242	2.73061958	1.0076858211	0.344586	8.8257	41	1.0325379652	1.0303752738	1.0217066831	1.0118686336	0.9958866488	0.9956561716	1306.977873	959.413863	211.687199706	1569.472687	315.516414772	5.6772876	6.7158166	3.9464062	325.1003122724	383.933626054	218.5750704432	6.09508042	1.7501524388	8012318	8013318	8012018	8013618	8011718	8013918	0.9669656499
chr1	192256713	192257593		880	0.7127562934	1.0961361277	0.9954341448	0.7896204497	200.152471822	2.78301352	1.080970986	0.487489	11.2637	45	1.0886897503	1.1039157533	1.0707394214	1.0873258774	0.9971337471	0.9961815139	938.457372	754.273427	162.251418848	966.4614918	193.803419596	3.5834864	4.4127232	2.1619384	213.9426479314	219.394355411	176.6414566773	8.48068648	1.9836104009	192256653	192257653	192256353	192257953	192256053	192258253	0.9122954483
chr6	79764570	79765454		884	0.6193062448	1.0287514196	0.9952164082	0.6952551073	214.378291452	3.0336572	1.0724663334	0.608565	10.0935	46	1.067994343	1.0451615863	1.1056172123	1.0856132932	0.9974595761	0.9967423706	1107.790847	987.25654	175.640613642	1136.639032	204.948358666	3.608772	5.4372171	2.5080501	214.2041516561	220.5419716728	187.5831817778	7.0598428	1.8787628486	79764512	79765512	79764212	79765812	79763912	79766112	0.9720521215
chr4	47464702	47465643		941	0.7054941469	0.9385792131	0.9951302131	0.7819496479	133.68902846	3.113048458	0.9676003081	0.0871429	8.9024	43	0.9345382124	0.9546691105	0.9750081753	0.9844463562	0.9986327518	0.9973519645	511.658023	336.302582	82.135826186	555.93123	119.281032654	1.3548886	2.7072666	0.4598091	113.8739173461	125.4777431319	76.7590681792	5.789351542	2.196237466	47464672	47465672	47464372	47465972	47464072	47466272	1.0654401739